orderName,orderCode
G520,#efebce
G5205,#f6eeb0
G521,#f9e55e
G522,#f4d82d
G523,#f6b40b
G524,#e89e07
G525,#e88a07
G783,#a9642d
G784,#b2663a
G785,#853417
G786,#8c361d
G370,#7ac4eb
G371,#3caee4
G372,#245cb0
G373,#064088
G721,#d0ac76
G722,#b68b5d
G723,#976b2c
G117,#edbbc0
G119,#be5565
G121,#aa4648
G100,#f0ebef
G101,#eec8db
G102,#e297b8
G103,#e489af
G104,#ec6ea1
G105,#d6457c
G106,#e43a78
G260,#becec1
G261,#9fd0b3
G262,#85be8b
G263,#29a164
G264,#118b4e
G265,#016126
G200,#016a32
G361,#b5c1d1
G362,#a4b4db
G363,#92b0de
G364,#6382c4
G365,#395aa7
G366,#253189
G367,#131b5c
G140,#efbdc1
G141,#e395a2
G142,#e2756c
G143,#d96660
G144,#d2513d
G145,#a52f1d
G810,#dacec2
G811,#b49e86
G813,#967c6b
G814,#80604b
G815,#70574d
G201,#6d9d6b
G202,#618a5c
G203,#396b3c
G204,#2a5f59
G205,#17473b
G206,#1f3930
G700,#d81425
G701,#990910
G800,#f0f0f0
G900,#1f161c
G228,#8dba2c
G229,#64a82d
G231,#44963b
G232,#248636
G233,#126e29
G483,#cecbd2
G484,#aea8b2
G485,#8a7f8f
G486,#5a495b
G487,#604e5e
G488,#332530
G501,#f9ed97
G502,#ecd425
G503,#ecb11b
G512,#ca940d
G514,#ac6d14
G516,#a26a21
G741,#bc917e
G743,#916353
G744,#784a3b
G745,#6f4434
G123,#f1bed5
G124,#de6f9e
G125,#dc4d81
G126,#e83c84
G127,#db2b62
G128,#c2183d
G129,#a52e4d
G210,#9eb539
G212,#798d27
G214,#5b7d2a
G216,#3a531e
G218,#374b1b
G180,#d7b4a6
G182,#e69178
G184,#ef5f54
G186,#df3726
G751,#ecb176
G752,#dfa667
G753,#f48f35
G754,#ca4c11
G755,#921012
G672,#dbaacc
G673,#a9659d
G674,#9a4798
G675,#893087
G676,#601d67
G765,#d09783
G766,#c97863
G767,#875446
G768,#87342d
G769,#6f322f
G310,#a8c5e5
G312,#7b8dbb
G314,#607298
G316,#45567d
G318,#202e53
G243,#869f82
G244,#5c916d
G245,#2a492a
G246,#152b14
G247,#1c2d1a
G850,#f2f3ee
G219,#9ad2c3
G220,#5cb7ab
G221,#26a39e
G222,#127f7f
G223,#056b6b
G540,#e0dc75
G541,#f6e647
G542,#dccc02
G543,#ecd403
G544,#e8cf06
G546,#efcc01
G273,#6c8d3e
G274,#558b48
G275,#406d2c
G276,#2f5923
G277,#0b1c09
G411,#9f8d7f
G412,#948686
G413,#65524e
G414,#463640
G415,#2d1d20
G731,#cab597
G733,#b69d7f
G734,#a07c5d
G735,#9b7350
G736,#7a4e29
G737,#7e4d2c
G738,#462111
G739,#361715
G111,#eecba1
G169,#e3954b
G170,#f07722
G171,#eb4d10
G172,#ea4918
G173,#e33110
G174,#e23825
G175,#b91f15
G163,#d7ac9c
G166,#cc9a9b
G801,#62c7dc
G802,#0f9fbc
G803,#1482bd
G383,#7fbcbd
G384,#47689b
G385,#134f7a
G621,#a493bb
G622,#77507c
G623,#66517f
G625,#7a5193
G331,#c2ccd5
G332,#345398
G333,#12397e
G334,#0c235e
G335,#0e1a3c
G358,#0f0f29
G324,#0d0b10
G421,#f9f6f0
G422,#9c8e75
G561,#e2d64c
G562,#ccbb25
G563,#dab114
G564,#827821
G565,#473f14
G251,#9ab882
G253,#6b977e
G255,#154a26
G257,#0c3d1f
G190,#a2121b
G192,#70100c
G194,#52140c
G196,#381212
G198,#240e10
G390,#87a2ae
G391,#3788ac
G392,#12567d
G393,#4b5972
G531,#cba240
G533,#ec8a08
G535,#e46b0a
G283,#b8ba0b
G285,#403c0f
G236,#bab679
G237,#5c5e1d
G238,#615b20
G131,#e0b3cd
G132,#e097c1
G133,#d772ad
G134,#7a1261
G135,#7a0e5b
G137,#601529
G841,#b3a473
G843,#92814d
G844,#654f28
G845,#785b34
G711,#e3b43d
G712,#c8752a
G713,#742d11
G714,#6e3218
G155,#d10933
G1051,#e2291b
G1052,#e01914
G1053,#dc1923
G451,#aea5a0
G452,#948b86
G453,#6d5b57
G342,#7aa19f
G343,#2c5569
G344,#0d2122
G287,#838e55
G288,#6f7946
G289,#404729
G901,#dbc37c
G903,#a2a199
